{"gbDKuQgUx702LNS95RyMNg==":"mbr-1.jpg","04sx91A9OFPVfnHsr0CBug==":"mbr-2.jpg","vx1HCfMmqDU+s7Eui2JRdg==":"mbr-3.jpg","KZ9bLk9AH2ZsJ75m1vIHgA==":"mbr.png","Y3vQ9NrQmNgUekrM4H/8nA==":"mbr-3.jpeg","4jMTBEKvtHt4yLp64yJ7rQ==":"mbr-4.jpg","vlgcUSC18u1mj5K5ihrfAw==":"mbr-7.jpg","tTz86reHysGEwhEcX5uwVA==":"mbr-8.jpg","HPvps2PYs2xvCuXnWbZ9Hw==":"mbr-8.jpeg","KF+Wa3qUz9G/nA/BRqWBHw==":"mbr.jpeg","LsH5lvBYKniR4SADVP1NTQ==":"mbr-9.jpeg","xvEZoRtTpRo8PQiyUW4s5Q==":"mbr-10.jpg","IDI+CXQpTCod/TkNrC3CYQ==":"mbr.jpg","X0NkBDGMu+zd4PYMoLSDwA==":"mbr-5.jpg","wX76oSpNBIHut/EW6vVidQ==":"mbr-1.jpeg","kBWcS24dsvzugKxtOJfDkA==":"mbr-10.jpeg","n0VBJImBJOwPBkyByo13rQ==":"logo.png-96x96.png","/KmRaC/BiOFYtYNZfMlylQ==":"427149.jpg","SfAdfzRytrqUKtB9Yw5Dzg==":"cupcake-morango-554x554.jpeg","7agsC6fIAGKTgeA4fg39zw==":"5af108d3445f84ee9fed9715f1b9ad88.jpg","sRZ2kh9GYHkTc5ci8Bn4uQ==":"images-7-466x658.jpeg","FlEZPiRXao2g7SW2yZp29Q==":"images-12-554x554.jpg","0GZtqtbd/8lhyofhuIGFCg==":"3zh9ph7yupj6sskk-2000x1333.jpg","cmbv/DSW58ftOdpZlkTWqg==":"christmas-sale-video-twig-light-shine-promo-design-template-840658be62a589c90dd93fb9eb73fcb2-screen.jpg","V9NdLFz+HT2p2/UEw4zJXw==":"istockphoto-894068834-612x612.jpg","SA9IVzaCrfx1EzvPuCujpw==":"istockphoto-894068834-612x612.jpeg","pO6rkXLfL49z4j9i7Ad06w==":"918388-1900x1264.jpg","h5mUwhNEwWp7KQXbNpJPGw==":"mbr-5.jpg","pvOV3kc0BaGiZmEvU29ASQ==":"sweets-cupcake-strawberry-blueberries-colored-553825-3249x1828.jpg","HaWI8dWPD6NJLsA5xv/aZA==":"sweets-cupcake-strawberry-blueberries-colored-553825-3249x1828.jpeg","OCsyUJfvy9NDyavdd3+W+Q==":"sweets-cupcake-strawberry-blueberries-colored-553826-3249x1828.jpeg","/sKD1PXKb4Lig7ZWY8ning==":"999073-1600x1045.jpg","ZQiWn4+sGQkwQwGPBTi26w==":"images-9-596x447.jpg","awXocUmafn4VdZp2dTosTw==":"images-667x460.jpg","9JDSoQ1clHB4oz5+JZU1nA==":"13593-np0cnt.jpg","laYObFHQ0wVmRB1B/1oORw==":"arte-conceitual-de-parceiros-de-negocios-178650.webp","OHRyMjQTOAWDAlp41avjLw==":"negocio-de-aperto-de-mao-com-trabalho-em-equipe-24877.webp"}